Name,Rarity,Balance,Category,Min Parts,Max Parts,Weight,Part,Dependencies,Excluders
,01/Common,\Game\Gear\Amulets\_Shared\_Design\Balance\Balance_Amulets_01_Common,CLASS STAT,1,1,1,Part_Amulet_ClassStat_Barbarian,,
,01/Common,\Game\Gear\Amulets\_Shared\_Design\Balance\Balance_Amulets_01_Common,CLASS STAT,1,1,1,Part_Amulet_ClassStat_GunMage,,
,01/Common,\Game\Gear\Amulets\_Shared\_Design\Balance\Balance_Amulets_01_Common,CLASS STAT,1,1,1,Part_Amulet_ClassStat_KotC,,
,01/Common,\Game\Gear\Amulets\_Shared\_Design\Balance\Balance_Amulets_01_Common,CLASS STAT,1,1,1,Part_Amulet_ClassStat_Necromancer,,
,01/Common,\Game\Gear\Amulets\_Shared\_Design\Balance\Balance_Amulets_01_Common,CLASS STAT,1,1,1,Part_Amulet_ClassStat_Ranger,,
,01/Common,\Game\Gear\Amulets\_Shared\_Design\Balance\Balance_Amulets_01_Common,CLASS STAT,1,1,1,Part_Amulet_ClassStat_Rogue,,
,01/Common,\Game\Gear\Amulets\_Shared\_Design\Balance\Balance_Amulets_01_Common,ELEMENT,1,1,1,Part_Amulet_Ele_NonElemental,,
,01/Common,\Game\Gear\Amulets\_Shared\_Design\Balance\Balance_Amulets_01_Common,RARITY,1,1,1,Part_Amulet_01_Common,,
,02/Uncommon,\Game\Gear\Amulets\_Shared\_Design\Balance\Balance_Amulets_02_Uncommon,CLASS STAT,1,1,1,Part_Amulet_ClassStat_Barbarian,,
,02/Uncommon,\Game\Gear\Amulets\_Shared\_Design\Balance\Balance_Amulets_02_Uncommon,CLASS STAT,1,1,1,Part_Amulet_ClassStat_GunMage,,
,02/Uncommon,\Game\Gear\Amulets\_Shared\_Design\Balance\Balance_Amulets_02_Uncommon,CLASS STAT,1,1,1,Part_Amulet_ClassStat_KotC,,
,02/Uncommon,\Game\Gear\Amulets\_Shared\_Design\Balance\Balance_Amulets_02_Uncommon,CLASS STAT,1,1,1,Part_Amulet_ClassStat_Necromancer,,
,02/Uncommon,\Game\Gear\Amulets\_Shared\_Design\Balance\Balance_Amulets_02_Uncommon,CLASS STAT,1,1,1,Part_Amulet_ClassStat_Ranger,,
,02/Uncommon,\Game\Gear\Amulets\_Shared\_Design\Balance\Balance_Amulets_02_Uncommon,CLASS STAT,1,1,1,Part_Amulet_ClassStat_Rogue,,
,02/Uncommon,\Game\Gear\Amulets\_Shared\_Design\Balance\Balance_Amulets_02_Uncommon,ELEMENT,1,1,0.4,Part_Amulet_Ele_Fire,,
,02/Uncommon,\Game\Gear\Amulets\_Shared\_Design\Balance\Balance_Amulets_02_Uncommon,ELEMENT,1,1,0.4,Part_Amulet_Ele_Acid,,
,02/Uncommon,\Game\Gear\Amulets\_Shared\_Design\Balance\Balance_Amulets_02_Uncommon,ELEMENT,1,1,0.4,Part_Amulet_Ele_Shock,,
,02/Uncommon,\Game\Gear\Amulets\_Shared\_Design\Balance\Balance_Amulets_02_Uncommon,ELEMENT,1,1,0.4,Part_Amulet_Ele_Cryo,,
,02/Uncommon,\Game\Gear\Amulets\_Shared\_Design\Balance\Balance_Amulets_02_Uncommon,ELEMENT,1,1,0.4,Part_Amulet_Ele_Blood,,
,02/Uncommon,\Game\Gear\Amulets\_Shared\_Design\Balance\Balance_Amulets_02_Uncommon,ELEMENT,1,1,1,None,,
,02/Uncommon,\Game\Gear\Amulets\_Shared\_Design\Balance\Balance_Amulets_02_Uncommon,ELEMENT,1,1,1,Part_Amulet_Ele_NonElemental,,
,02/Uncommon,\Game\Gear\Amulets\_Shared\_Design\Balance\Balance_Amulets_02_Uncommon,MINOR STAT,0,1,1,Part_Amulet_Minor_GunFireRate,,
,02/Uncommon,\Game\Gear\Amulets\_Shared\_Design\Balance\Balance_Amulets_02_Uncommon,MINOR STAT,0,1,1,Part_Amulet_Minor_GunHandling,,
,02/Uncommon,\Game\Gear\Amulets\_Shared\_Design\Balance\Balance_Amulets_02_Uncommon,MINOR STAT,0,1,1,Part_Amulet_Minor_GunMagazineSize,,
,02/Uncommon,\Game\Gear\Amulets\_Shared\_Design\Balance\Balance_Amulets_02_Uncommon,MINOR STAT,0,1,1,Part_Amulet_Minor_GunReload,,
,02/Uncommon,\Game\Gear\Amulets\_Shared\_Design\Balance\Balance_Amulets_02_Uncommon,MINOR STAT,0,1,1,Part_Amulet_Minor_SkillCooldown,,
,02/Uncommon,\Game\Gear\Amulets\_Shared\_Design\Balance\Balance_Amulets_02_Uncommon,MINOR STAT,0,1,1,Part_Amulet_Minor_StatusChance,,
,02/Uncommon,\Game\Gear\Amulets\_Shared\_Design\Balance\Balance_Amulets_02_Uncommon,MINOR STAT,0,1,1,Part_Amulet_Minor_StatusDamage,,
,02/Uncommon,\Game\Gear\Amulets\_Shared\_Design\Balance\Balance_Amulets_02_Uncommon,RARITY,1,1,1,Part_Amulet_02_Uncommon,,
,03/Rare,\Game\Gear\Amulets\_Shared\_Design\Balance\Balance_Amulets_03_Rare,CLASS STAT,1,1,1,Part_Amulet_ClassStat_Barbarian,,
,03/Rare,\Game\Gear\Amulets\_Shared\_Design\Balance\Balance_Amulets_03_Rare,CLASS STAT,1,1,1,Part_Amulet_ClassStat_GunMage,,
,03/Rare,\Game\Gear\Amulets\_Shared\_Design\Balance\Balance_Amulets_03_Rare,CLASS STAT,1,1,1,Part_Amulet_ClassStat_KotC,,
,03/Rare,\Game\Gear\Amulets\_Shared\_Design\Balance\Balance_Amulets_03_Rare,CLASS STAT,1,1,1,Part_Amulet_ClassStat_Necromancer,,
,03/Rare,\Game\Gear\Amulets\_Shared\_Design\Balance\Balance_Amulets_03_Rare,CLASS STAT,1,1,1,Part_Amulet_ClassStat_Ranger,,
,03/Rare,\Game\Gear\Amulets\_Shared\_Design\Balance\Balance_Amulets_03_Rare,CLASS STAT,1,1,1,Part_Amulet_ClassStat_Rogue,,
,03/Rare,\Game\Gear\Amulets\_Shared\_Design\Balance\Balance_Amulets_03_Rare,ELEMENT,1,1,1,Part_Amulet_Ele_Fire,,
,03/Rare,\Game\Gear\Amulets\_Shared\_Design\Balance\Balance_Amulets_03_Rare,ELEMENT,1,1,1,Part_Amulet_Ele_Acid,,
,03/Rare,\Game\Gear\Amulets\_Shared\_Design\Balance\Balance_Amulets_03_Rare,ELEMENT,1,1,1,Part_Amulet_Ele_Shock,,
,03/Rare,\Game\Gear\Amulets\_Shared\_Design\Balance\Balance_Amulets_03_Rare,ELEMENT,1,1,1,Part_Amulet_Ele_Cryo,,
,03/Rare,\Game\Gear\Amulets\_Shared\_Design\Balance\Balance_Amulets_03_Rare,ELEMENT,1,1,1,Part_Amulet_Ele_Blood,,
,03/Rare,\Game\Gear\Amulets\_Shared\_Design\Balance\Balance_Amulets_03_Rare,MINOR STAT,1,2,1,Part_Amulet_Minor_AllDamage,,
,03/Rare,\Game\Gear\Amulets\_Shared\_Design\Balance\Balance_Amulets_03_Rare,MINOR STAT,1,2,1,Part_Amulet_Minor_AllDamage,,
,03/Rare,\Game\Gear\Amulets\_Shared\_Design\Balance\Balance_Amulets_03_Rare,MINOR STAT,1,2,1,Part_Amulet_Minor_GunFireRate,,
,03/Rare,\Game\Gear\Amulets\_Shared\_Design\Balance\Balance_Amulets_03_Rare,MINOR STAT,1,2,1,Part_Amulet_Minor_GunFireRate,,
,03/Rare,\Game\Gear\Amulets\_Shared\_Design\Balance\Balance_Amulets_03_Rare,MINOR STAT,1,2,1,Part_Amulet_Minor_GunHandling,,
,03/Rare,\Game\Gear\Amulets\_Shared\_Design\Balance\Balance_Amulets_03_Rare,MINOR STAT,1,2,1,Part_Amulet_Minor_GunHandling,,
,03/Rare,\Game\Gear\Amulets\_Shared\_Design\Balance\Balance_Amulets_03_Rare,MINOR STAT,1,2,1,Part_Amulet_Minor_GunMagazineSize,,
,03/Rare,\Game\Gear\Amulets\_Shared\_Design\Balance\Balance_Amulets_03_Rare,MINOR STAT,1,2,1,Part_Amulet_Minor_GunMagazineSize,,
,03/Rare,\Game\Gear\Amulets\_Shared\_Design\Balance\Balance_Amulets_03_Rare,MINOR STAT,1,2,1,Part_Amulet_Minor_GunReload,,
,03/Rare,\Game\Gear\Amulets\_Shared\_Design\Balance\Balance_Amulets_03_Rare,MINOR STAT,1,2,1,Part_Amulet_Minor_GunReload,,
,03/Rare,\Game\Gear\Amulets\_Shared\_Design\Balance\Balance_Amulets_03_Rare,MINOR STAT,1,2,1,Part_Amulet_Minor_Luck,,
,03/Rare,\Game\Gear\Amulets\_Shared\_Design\Balance\Balance_Amulets_03_Rare,MINOR STAT,1,2,1,Part_Amulet_Minor_Luck,,
,03/Rare,\Game\Gear\Amulets\_Shared\_Design\Balance\Balance_Amulets_03_Rare,MINOR STAT,1,2,1,Part_Amulet_Minor_SkillCooldown,,
,03/Rare,\Game\Gear\Amulets\_Shared\_Design\Balance\Balance_Amulets_03_Rare,MINOR STAT,1,2,1,Part_Amulet_Minor_SkillCooldown,,
,03/Rare,\Game\Gear\Amulets\_Shared\_Design\Balance\Balance_Amulets_03_Rare,MINOR STAT,1,2,1,Part_Amulet_Minor_StatusChance,,
,03/Rare,\Game\Gear\Amulets\_Shared\_Design\Balance\Balance_Amulets_03_Rare,MINOR STAT,1,2,1,Part_Amulet_Minor_StatusChance,,
,03/Rare,\Game\Gear\Amulets\_Shared\_Design\Balance\Balance_Amulets_03_Rare,MINOR STAT,1,2,1,Part_Amulet_Minor_StatusDamage,,
,03/Rare,\Game\Gear\Amulets\_Shared\_Design\Balance\Balance_Amulets_03_Rare,MINOR STAT,1,2,1,Part_Amulet_Minor_StatusDamage,,
,03/Rare,\Game\Gear\Amulets\_Shared\_Design\Balance\Balance_Amulets_03_Rare,MINOR STAT,1,2,1,Part_Amulet_Minor_DarkMagic_MaxLeech,,
,03/Rare,\Game\Gear\Amulets\_Shared\_Design\Balance\Balance_Amulets_03_Rare,MINOR STAT,1,2,1,Part_Amulet_Minor_DarkMagic_MaxLeech,,
,03/Rare,\Game\Gear\Amulets\_Shared\_Design\Balance\Balance_Amulets_03_Rare,RARITY,1,1,1,Part_Amulet_03_Rare,,
,04/Very Rare,\Game\Gear\Amulets\_Shared\_Design\Balance\Balance_Amulets_04_VeryRare,CLASS STAT,1,1,1,Part_Amulet_ClassStat_Barbarian,,
,04/Very Rare,\Game\Gear\Amulets\_Shared\_Design\Balance\Balance_Amulets_04_VeryRare,CLASS STAT,1,1,1,Part_Amulet_ClassStat_GunMage,,
,04/Very Rare,\Game\Gear\Amulets\_Shared\_Design\Balance\Balance_Amulets_04_VeryRare,CLASS STAT,1,1,1,Part_Amulet_ClassStat_KotC,,
,04/Very Rare,\Game\Gear\Amulets\_Shared\_Design\Balance\Balance_Amulets_04_VeryRare,CLASS STAT,1,1,1,Part_Amulet_ClassStat_Necromancer,,
,04/Very Rare,\Game\Gear\Amulets\_Shared\_Design\Balance\Balance_Amulets_04_VeryRare,CLASS STAT,1,1,1,Part_Amulet_ClassStat_Ranger,,
,04/Very Rare,\Game\Gear\Amulets\_Shared\_Design\Balance\Balance_Amulets_04_VeryRare,CLASS STAT,1,1,1,Part_Amulet_ClassStat_Rogue,,
,04/Very Rare,\Game\Gear\Amulets\_Shared\_Design\Balance\Balance_Amulets_04_VeryRare,ELEMENT,1,1,1,Part_Amulet_Ele_Fire,,
,04/Very Rare,\Game\Gear\Amulets\_Shared\_Design\Balance\Balance_Amulets_04_VeryRare,ELEMENT,1,1,1,Part_Amulet_Ele_Acid,,
,04/Very Rare,\Game\Gear\Amulets\_Shared\_Design\Balance\Balance_Amulets_04_VeryRare,ELEMENT,1,1,1,Part_Amulet_Ele_Shock,,
,04/Very Rare,\Game\Gear\Amulets\_Shared\_Design\Balance\Balance_Amulets_04_VeryRare,ELEMENT,1,1,1,Part_Amulet_Ele_Cryo,,
,04/Very Rare,\Game\Gear\Amulets\_Shared\_Design\Balance\Balance_Amulets_04_VeryRare,ELEMENT,1,1,1,Part_Amulet_Ele_Blood,,
,04/Very Rare,\Game\Gear\Amulets\_Shared\_Design\Balance\Balance_Amulets_04_VeryRare,MINOR STAT,2,2,1,Part_Amulet_Minor_AllDamage,,
,04/Very Rare,\Game\Gear\Amulets\_Shared\_Design\Balance\Balance_Amulets_04_VeryRare,MINOR STAT,2,2,1,Part_Amulet_Minor_AllDamage,,
,04/Very Rare,\Game\Gear\Amulets\_Shared\_Design\Balance\Balance_Amulets_04_VeryRare,MINOR STAT,2,2,1,Part_Amulet_Minor_GunFireRate,,
,04/Very Rare,\Game\Gear\Amulets\_Shared\_Design\Balance\Balance_Amulets_04_VeryRare,MINOR STAT,2,2,1,Part_Amulet_Minor_GunFireRate,,
,04/Very Rare,\Game\Gear\Amulets\_Shared\_Design\Balance\Balance_Amulets_04_VeryRare,MINOR STAT,2,2,1,Part_Amulet_Minor_GunHandling,,
,04/Very Rare,\Game\Gear\Amulets\_Shared\_Design\Balance\Balance_Amulets_04_VeryRare,MINOR STAT,2,2,1,Part_Amulet_Minor_GunHandling,,
,04/Very Rare,\Game\Gear\Amulets\_Shared\_Design\Balance\Balance_Amulets_04_VeryRare,MINOR STAT,2,2,1,Part_Amulet_Minor_GunMagazineSize,,
,04/Very Rare,\Game\Gear\Amulets\_Shared\_Design\Balance\Balance_Amulets_04_VeryRare,MINOR STAT,2,2,1,Part_Amulet_Minor_GunMagazineSize,,
,04/Very Rare,\Game\Gear\Amulets\_Shared\_Design\Balance\Balance_Amulets_04_VeryRare,MINOR STAT,2,2,1,Part_Amulet_Minor_GunReload,,
,04/Very Rare,\Game\Gear\Amulets\_Shared\_Design\Balance\Balance_Amulets_04_VeryRare,MINOR STAT,2,2,1,Part_Amulet_Minor_GunReload,,
,04/Very Rare,\Game\Gear\Amulets\_Shared\_Design\Balance\Balance_Amulets_04_VeryRare,MINOR STAT,2,2,1,Part_Amulet_Minor_Luck,,
,04/Very Rare,\Game\Gear\Amulets\_Shared\_Design\Balance\Balance_Amulets_04_VeryRare,MINOR STAT,2,2,1,Part_Amulet_Minor_Luck,,
,04/Very Rare,\Game\Gear\Amulets\_Shared\_Design\Balance\Balance_Amulets_04_VeryRare,MINOR STAT,2,2,1,Part_Amulet_Minor_SkillCooldown,,
,04/Very Rare,\Game\Gear\Amulets\_Shared\_Design\Balance\Balance_Amulets_04_VeryRare,MINOR STAT,2,2,1,Part_Amulet_Minor_SkillCooldown,,
,04/Very Rare,\Game\Gear\Amulets\_Shared\_Design\Balance\Balance_Amulets_04_VeryRare,MINOR STAT,2,2,1,Part_Amulet_Minor_StatusChance,,
,04/Very Rare,\Game\Gear\Amulets\_Shared\_Design\Balance\Balance_Amulets_04_VeryRare,MINOR STAT,2,2,1,Part_Amulet_Minor_StatusChance,,
,04/Very Rare,\Game\Gear\Amulets\_Shared\_Design\Balance\Balance_Amulets_04_VeryRare,MINOR STAT,2,2,1,Part_Amulet_Minor_StatusDamage,,
,04/Very Rare,\Game\Gear\Amulets\_Shared\_Design\Balance\Balance_Amulets_04_VeryRare,MINOR STAT,2,2,1,Part_Amulet_Minor_StatusDamage,,
,04/Very Rare,\Game\Gear\Amulets\_Shared\_Design\Balance\Balance_Amulets_04_VeryRare,MINOR STAT,2,2,1,Part_Amulet_Minor_DarkMagic_MaxLeech,,
,04/Very Rare,\Game\Gear\Amulets\_Shared\_Design\Balance\Balance_Amulets_04_VeryRare,MINOR STAT,2,2,1,Part_Amulet_Minor_DarkMagic_MaxLeech,,
,04/Very Rare,\Game\Gear\Amulets\_Shared\_Design\Balance\Balance_Amulets_04_VeryRare,RARITY,1,1,1,Part_Amulet_04_VeryRare,,
Barb,Named Amulet,Balance_Amulet_Unique_Plot05_HDD_Barb,BODY,1,1,1,Part_Amulet_Plot05_HDD,,
Barb,Named Amulet,Balance_Amulet_Unique_Plot05_HDD_Barb,CLASS STAT,1,1,1,Part_Amulet_ClassStat_Barbarian,,
Barb,Named Amulet,Balance_Amulet_Unique_Plot05_HDD_Barb,ELEMENT,1,1,1,Part_Amulet_Ele_Fire,,
Barb,Named Amulet,Balance_Amulet_Unique_Plot05_HDD_Barb,MINOR STAT,1,2,1,Part_Amulet_Minor_AllDamage,,
Barb,Named Amulet,Balance_Amulet_Unique_Plot05_HDD_Barb,MINOR STAT,1,2,1,Part_Amulet_Minor_AllDamage,,
Barb,Named Amulet,Balance_Amulet_Unique_Plot05_HDD_Barb,MINOR STAT,1,2,1,Part_Amulet_Minor_GunFireRate,,
Barb,Named Amulet,Balance_Amulet_Unique_Plot05_HDD_Barb,MINOR STAT,1,2,1,Part_Amulet_Minor_GunFireRate,,
Barb,Named Amulet,Balance_Amulet_Unique_Plot05_HDD_Barb,MINOR STAT,1,2,1,Part_Amulet_Minor_GunHandling,,
Barb,Named Amulet,Balance_Amulet_Unique_Plot05_HDD_Barb,MINOR STAT,1,2,1,Part_Amulet_Minor_GunHandling,,
Barb,Named Amulet,Balance_Amulet_Unique_Plot05_HDD_Barb,MINOR STAT,1,2,1,Part_Amulet_Minor_GunMagazineSize,,
Barb,Named Amulet,Balance_Amulet_Unique_Plot05_HDD_Barb,MINOR STAT,1,2,1,Part_Amulet_Minor_GunMagazineSize,,
Barb,Named Amulet,Balance_Amulet_Unique_Plot05_HDD_Barb,MINOR STAT,1,2,1,Part_Amulet_Minor_GunReload,,
Barb,Named Amulet,Balance_Amulet_Unique_Plot05_HDD_Barb,MINOR STAT,1,2,1,Part_Amulet_Minor_GunReload,,
Barb,Named Amulet,Balance_Amulet_Unique_Plot05_HDD_Barb,MINOR STAT,1,2,1,Part_Amulet_Minor_Luck,,
Barb,Named Amulet,Balance_Amulet_Unique_Plot05_HDD_Barb,MINOR STAT,1,2,1,Part_Amulet_Minor_Luck,,
Barb,Named Amulet,Balance_Amulet_Unique_Plot05_HDD_Barb,MINOR STAT,1,2,1,Part_Amulet_Minor_SkillCooldown,,
Barb,Named Amulet,Balance_Amulet_Unique_Plot05_HDD_Barb,MINOR STAT,1,2,1,Part_Amulet_Minor_SkillCooldown,,
Barb,Named Amulet,Balance_Amulet_Unique_Plot05_HDD_Barb,MINOR STAT,1,2,1,Part_Amulet_Minor_StatusChance,,
Barb,Named Amulet,Balance_Amulet_Unique_Plot05_HDD_Barb,MINOR STAT,1,2,1,Part_Amulet_Minor_StatusChance,,
Barb,Named Amulet,Balance_Amulet_Unique_Plot05_HDD_Barb,MINOR STAT,1,2,1,Part_Amulet_Minor_StatusDamage,,
Barb,Named Amulet,Balance_Amulet_Unique_Plot05_HDD_Barb,MINOR STAT,1,2,1,Part_Amulet_Minor_StatusDamage,,
Barb,Named Amulet,Balance_Amulet_Unique_Plot05_HDD_Barb,MINOR STAT,1,2,1,Part_Amulet_Minor_DarkMagic_MaxLeech,,
Barb,Named Amulet,Balance_Amulet_Unique_Plot05_HDD_Barb,MINOR STAT,1,2,1,Part_Amulet_Minor_DarkMagic_MaxLeech,,
Barb,Named Amulet,Balance_Amulet_Unique_Plot05_HDD_Barb,RARITY,1,1,1,Part_Amulet_03_Rare,,
BlazeOfGlory,Named Amulet,Balance_Amulet_Unique_BlazeOfGlory,BODY,1,1,1,Part_Amulet_BlazeOfGlory,,
BlazeOfGlory,Named Amulet,Balance_Amulet_Unique_BlazeOfGlory,CLASS STAT,1,1,1,Part_Amulet_ClassStat_Barbarian,,
BlazeOfGlory,Named Amulet,Balance_Amulet_Unique_BlazeOfGlory,CLASS STAT,1,1,1,Part_Amulet_ClassStat_GunMage,,
BlazeOfGlory,Named Amulet,Balance_Amulet_Unique_BlazeOfGlory,CLASS STAT,1,1,1,Part_Amulet_ClassStat_KotC,,
BlazeOfGlory,Named Amulet,Balance_Amulet_Unique_BlazeOfGlory,CLASS STAT,1,1,1,Part_Amulet_ClassStat_Necromancer,,
BlazeOfGlory,Named Amulet,Balance_Amulet_Unique_BlazeOfGlory,CLASS STAT,1,1,1,Part_Amulet_ClassStat_Ranger,,
BlazeOfGlory,Named Amulet,Balance_Amulet_Unique_BlazeOfGlory,CLASS STAT,1,1,1,Part_Amulet_ClassStat_Rogue,,
BlazeOfGlory,Named Amulet,Balance_Amulet_Unique_BlazeOfGlory,ELEMENT,1,1,1,Part_Amulet_Ele_Acid,,
BlazeOfGlory,Named Amulet,Balance_Amulet_Unique_BlazeOfGlory,ELEMENT,1,1,1,Part_Amulet_Ele_Blood,,
BlazeOfGlory,Named Amulet,Balance_Amulet_Unique_BlazeOfGlory,ELEMENT,1,1,1,Part_Amulet_Ele_Cryo,,
BlazeOfGlory,Named Amulet,Balance_Amulet_Unique_BlazeOfGlory,ELEMENT,1,1,1,Part_Amulet_Ele_Fire,,
BlazeOfGlory,Named Amulet,Balance_Amulet_Unique_BlazeOfGlory,ELEMENT,1,1,1,Part_Amulet_Ele_Shock,,
BlazeOfGlory,Named Amulet,Balance_Amulet_Unique_BlazeOfGlory,MINOR STAT,1,2,1,Part_Amulet_Minor_AllDamage,,
BlazeOfGlory,Named Amulet,Balance_Amulet_Unique_BlazeOfGlory,MINOR STAT,1,2,1,Part_Amulet_Minor_AllDamage,,
BlazeOfGlory,Named Amulet,Balance_Amulet_Unique_BlazeOfGlory,MINOR STAT,1,2,1,Part_Amulet_Minor_GunFireRate,,
BlazeOfGlory,Named Amulet,Balance_Amulet_Unique_BlazeOfGlory,MINOR STAT,1,2,1,Part_Amulet_Minor_GunFireRate,,
BlazeOfGlory,Named Amulet,Balance_Amulet_Unique_BlazeOfGlory,MINOR STAT,1,2,1,Part_Amulet_Minor_GunHandling,,
BlazeOfGlory,Named Amulet,Balance_Amulet_Unique_BlazeOfGlory,MINOR STAT,1,2,1,Part_Amulet_Minor_GunHandling,,
BlazeOfGlory,Named Amulet,Balance_Amulet_Unique_BlazeOfGlory,MINOR STAT,1,2,1,Part_Amulet_Minor_GunMagazineSize,,
BlazeOfGlory,Named Amulet,Balance_Amulet_Unique_BlazeOfGlory,MINOR STAT,1,2,1,Part_Amulet_Minor_GunMagazineSize,,
BlazeOfGlory,Named Amulet,Balance_Amulet_Unique_BlazeOfGlory,MINOR STAT,1,2,1,Part_Amulet_Minor_GunReload,,
BlazeOfGlory,Named Amulet,Balance_Amulet_Unique_BlazeOfGlory,MINOR STAT,1,2,1,Part_Amulet_Minor_GunReload,,
BlazeOfGlory,Named Amulet,Balance_Amulet_Unique_BlazeOfGlory,MINOR STAT,1,2,1,Part_Amulet_Minor_Luck,,
BlazeOfGlory,Named Amulet,Balance_Amulet_Unique_BlazeOfGlory,MINOR STAT,1,2,1,Part_Amulet_Minor_Luck,,
BlazeOfGlory,Named Amulet,Balance_Amulet_Unique_BlazeOfGlory,MINOR STAT,1,2,1,Part_Amulet_Minor_SkillCooldown,,
BlazeOfGlory,Named Amulet,Balance_Amulet_Unique_BlazeOfGlory,MINOR STAT,1,2,1,Part_Amulet_Minor_SkillCooldown,,
BlazeOfGlory,Named Amulet,Balance_Amulet_Unique_BlazeOfGlory,MINOR STAT,1,2,1,Part_Amulet_Minor_StatusChance,,
BlazeOfGlory,Named Amulet,Balance_Amulet_Unique_BlazeOfGlory,MINOR STAT,1,2,1,Part_Amulet_Minor_StatusChance,,
BlazeOfGlory,Named Amulet,Balance_Amulet_Unique_BlazeOfGlory,MINOR STAT,1,2,1,Part_Amulet_Minor_StatusDamage,,
BlazeOfGlory,Named Amulet,Balance_Amulet_Unique_BlazeOfGlory,MINOR STAT,1,2,1,Part_Amulet_Minor_StatusDamage,,
BlazeOfGlory,Named Amulet,Balance_Amulet_Unique_BlazeOfGlory,MINOR STAT,1,2,1,Part_Amulet_Minor_DarkMagic_MaxLeech,,
BlazeOfGlory,Named Amulet,Balance_Amulet_Unique_BlazeOfGlory,MINOR STAT,1,2,1,Part_Amulet_Minor_DarkMagic_MaxLeech,,
BlazeOfGlory,Named Amulet,Balance_Amulet_Unique_BlazeOfGlory,RARITY,1,1,1,Part_Amulet_05_LegenDary,,
Bradluck,Named Amulet,Balance_Amulet_Unique_Bradluck,BODY,2,2,1,Part_Amulet_Bradluck_Base,,
Bradluck,Named Amulet,Balance_Amulet_Unique_Bradluck,BODY,2,2,1,Part_Amulet_Bradluck_ElementalDamage,,
Bradluck,Named Amulet,Balance_Amulet_Unique_Bradluck,CLASS STAT,1,1,1,Part_Amulet_ClassStat_Barbarian,,
Bradluck,Named Amulet,Balance_Amulet_Unique_Bradluck,CLASS STAT,1,1,1,Part_Amulet_ClassStat_GunMage,,
Bradluck,Named Amulet,Balance_Amulet_Unique_Bradluck,CLASS STAT,1,1,1,Part_Amulet_ClassStat_KotC,,
Bradluck,Named Amulet,Balance_Amulet_Unique_Bradluck,CLASS STAT,1,1,1,Part_Amulet_ClassStat_Necromancer,,
Bradluck,Named Amulet,Balance_Amulet_Unique_Bradluck,CLASS STAT,1,1,1,Part_Amulet_ClassStat_Ranger,,
Bradluck,Named Amulet,Balance_Amulet_Unique_Bradluck,CLASS STAT,1,1,1,Part_Amulet_ClassStat_Rogue,,
Bradluck,Named Amulet,Balance_Amulet_Unique_Bradluck,MINOR STAT,2,2,1,Part_Amulet_Minor_Luck,,
Bradluck,Named Amulet,Balance_Amulet_Unique_Bradluck,MINOR STAT,2,2,1,Part_Amulet_Minor_Luck,,
Bradluck,Named Amulet,Balance_Amulet_Unique_Bradluck,RARITY,1,1,1,Part_Amulet_05_LegenDary,,
Frenzied,Named Amulet,Balance_Amulet_Unique_Frenzied,BODY,1,1,1,Part_Amulet_Frenzied,,
Frenzied,Named Amulet,Balance_Amulet_Unique_Frenzied,CLASS STAT,1,1,1,Part_Amulet_ClassStat_Barbarian,,
Frenzied,Named Amulet,Balance_Amulet_Unique_Frenzied,CLASS STAT,1,1,1,Part_Amulet_ClassStat_GunMage,,
Frenzied,Named Amulet,Balance_Amulet_Unique_Frenzied,CLASS STAT,1,1,1,Part_Amulet_ClassStat_KotC,,
Frenzied,Named Amulet,Balance_Amulet_Unique_Frenzied,CLASS STAT,1,1,1,Part_Amulet_ClassStat_Necromancer,,
Frenzied,Named Amulet,Balance_Amulet_Unique_Frenzied,CLASS STAT,1,1,1,Part_Amulet_ClassStat_Ranger,,
Frenzied,Named Amulet,Balance_Amulet_Unique_Frenzied,CLASS STAT,1,1,1,Part_Amulet_ClassStat_Rogue,,
Frenzied,Named Amulet,Balance_Amulet_Unique_Frenzied,ELEMENT,1,1,1,Part_Amulet_Ele_Acid,,
Frenzied,Named Amulet,Balance_Amulet_Unique_Frenzied,ELEMENT,1,1,1,Part_Amulet_Ele_Blood,,
Frenzied,Named Amulet,Balance_Amulet_Unique_Frenzied,ELEMENT,1,1,1,Part_Amulet_Ele_Cryo,,
Frenzied,Named Amulet,Balance_Amulet_Unique_Frenzied,ELEMENT,1,1,1,Part_Amulet_Ele_Fire,,
Frenzied,Named Amulet,Balance_Amulet_Unique_Frenzied,ELEMENT,1,1,1,Part_Amulet_Ele_Shock,,
Frenzied,Named Amulet,Balance_Amulet_Unique_Frenzied,MINOR STAT,1,2,1,Part_Amulet_Minor_AllDamage,,
Frenzied,Named Amulet,Balance_Amulet_Unique_Frenzied,MINOR STAT,1,2,1,Part_Amulet_Minor_AllDamage,,
Frenzied,Named Amulet,Balance_Amulet_Unique_Frenzied,MINOR STAT,1,2,1,Part_Amulet_Minor_GunFireRate,,
Frenzied,Named Amulet,Balance_Amulet_Unique_Frenzied,MINOR STAT,1,2,1,Part_Amulet_Minor_GunFireRate,,
Frenzied,Named Amulet,Balance_Amulet_Unique_Frenzied,MINOR STAT,1,2,1,Part_Amulet_Minor_GunHandling,,
Frenzied,Named Amulet,Balance_Amulet_Unique_Frenzied,MINOR STAT,1,2,1,Part_Amulet_Minor_GunHandling,,
Frenzied,Named Amulet,Balance_Amulet_Unique_Frenzied,MINOR STAT,1,2,1,Part_Amulet_Minor_GunMagazineSize,,
Frenzied,Named Amulet,Balance_Amulet_Unique_Frenzied,MINOR STAT,1,2,1,Part_Amulet_Minor_GunMagazineSize,,
Frenzied,Named Amulet,Balance_Amulet_Unique_Frenzied,MINOR STAT,1,2,1,Part_Amulet_Minor_GunReload,,
Frenzied,Named Amulet,Balance_Amulet_Unique_Frenzied,MINOR STAT,1,2,1,Part_Amulet_Minor_GunReload,,
Frenzied,Named Amulet,Balance_Amulet_Unique_Frenzied,MINOR STAT,1,2,1,Part_Amulet_Minor_Luck,,
Frenzied,Named Amulet,Balance_Amulet_Unique_Frenzied,MINOR STAT,1,2,1,Part_Amulet_Minor_Luck,,
Frenzied,Named Amulet,Balance_Amulet_Unique_Frenzied,MINOR STAT,1,2,1,Part_Amulet_Minor_SkillCooldown,,
Frenzied,Named Amulet,Balance_Amulet_Unique_Frenzied,MINOR STAT,1,2,1,Part_Amulet_Minor_SkillCooldown,,
Frenzied,Named Amulet,Balance_Amulet_Unique_Frenzied,MINOR STAT,1,2,1,Part_Amulet_Minor_StatusChance,,
Frenzied,Named Amulet,Balance_Amulet_Unique_Frenzied,MINOR STAT,1,2,1,Part_Amulet_Minor_StatusChance,,
Frenzied,Named Amulet,Balance_Amulet_Unique_Frenzied,MINOR STAT,1,2,1,Part_Amulet_Minor_StatusDamage,,
Frenzied,Named Amulet,Balance_Amulet_Unique_Frenzied,MINOR STAT,1,2,1,Part_Amulet_Minor_StatusDamage,,
Frenzied,Named Amulet,Balance_Amulet_Unique_Frenzied,MINOR STAT,1,2,1,Part_Amulet_Minor_DarkMagic_MaxLeech,,
Frenzied,Named Amulet,Balance_Amulet_Unique_Frenzied,MINOR STAT,1,2,1,Part_Amulet_Minor_DarkMagic_MaxLeech,,
Frenzied,Named Amulet,Balance_Amulet_Unique_Frenzied,RARITY,1,1,1,Part_Amulet_05_LegenDary,,
GTFO,Named Amulet,Balance_Amulet_Unique_GTFO,BODY,1,1,1,Part_Amulet_GTFO,,
GTFO,Named Amulet,Balance_Amulet_Unique_GTFO,CLASS STAT,1,1,1,Part_Amulet_ClassStat_KotC,,
GTFO,Named Amulet,Balance_Amulet_Unique_GTFO,ELEMENT,1,1,1,Part_Amulet_Ele_Fire,,
GTFO,Named Amulet,Balance_Amulet_Unique_GTFO,MINOR STAT,2,2,1,Part_Amulet_Minor_AllDamage,,
GTFO,Named Amulet,Balance_Amulet_Unique_GTFO,MINOR STAT,2,2,1,Part_Amulet_Minor_AllDamage,,
GTFO,Named Amulet,Balance_Amulet_Unique_GTFO,RARITY,1,1,1,Part_Amulet_03_Rare,,
GunMage,Named Amulet,Balance_Amulet_Unique_Plot05_HDD_GunMage,BODY,1,1,1,Part_Amulet_Plot05_HDD,,
GunMage,Named Amulet,Balance_Amulet_Unique_Plot05_HDD_GunMage,CLASS STAT,1,1,1,Part_Amulet_ClassStat_GunMage,,
GunMage,Named Amulet,Balance_Amulet_Unique_Plot05_HDD_GunMage,ELEMENT,1,1,1,Part_Amulet_Ele_Fire,,
GunMage,Named Amulet,Balance_Amulet_Unique_Plot05_HDD_GunMage,MINOR STAT,1,2,1,Part_Amulet_Minor_AllDamage,,
GunMage,Named Amulet,Balance_Amulet_Unique_Plot05_HDD_GunMage,MINOR STAT,1,2,1,Part_Amulet_Minor_AllDamage,,
GunMage,Named Amulet,Balance_Amulet_Unique_Plot05_HDD_GunMage,MINOR STAT,1,2,1,Part_Amulet_Minor_GunFireRate,,
GunMage,Named Amulet,Balance_Amulet_Unique_Plot05_HDD_GunMage,MINOR STAT,1,2,1,Part_Amulet_Minor_GunFireRate,,
GunMage,Named Amulet,Balance_Amulet_Unique_Plot05_HDD_GunMage,MINOR STAT,1,2,1,Part_Amulet_Minor_GunHandling,,
GunMage,Named Amulet,Balance_Amulet_Unique_Plot05_HDD_GunMage,MINOR STAT,1,2,1,Part_Amulet_Minor_GunHandling,,
GunMage,Named Amulet,Balance_Amulet_Unique_Plot05_HDD_GunMage,MINOR STAT,1,2,1,Part_Amulet_Minor_GunMagazineSize,,
GunMage,Named Amulet,Balance_Amulet_Unique_Plot05_HDD_GunMage,MINOR STAT,1,2,1,Part_Amulet_Minor_GunMagazineSize,,
GunMage,Named Amulet,Balance_Amulet_Unique_Plot05_HDD_GunMage,MINOR STAT,1,2,1,Part_Amulet_Minor_GunReload,,
GunMage,Named Amulet,Balance_Amulet_Unique_Plot05_HDD_GunMage,MINOR STAT,1,2,1,Part_Amulet_Minor_GunReload,,
GunMage,Named Amulet,Balance_Amulet_Unique_Plot05_HDD_GunMage,MINOR STAT,1,2,1,Part_Amulet_Minor_Luck,,
GunMage,Named Amulet,Balance_Amulet_Unique_Plot05_HDD_GunMage,MINOR STAT,1,2,1,Part_Amulet_Minor_Luck,,
GunMage,Named Amulet,Balance_Amulet_Unique_Plot05_HDD_GunMage,MINOR STAT,1,2,1,Part_Amulet_Minor_SkillCooldown,,
GunMage,Named Amulet,Balance_Amulet_Unique_Plot05_HDD_GunMage,MINOR STAT,1,2,1,Part_Amulet_Minor_SkillCooldown,,
GunMage,Named Amulet,Balance_Amulet_Unique_Plot05_HDD_GunMage,MINOR STAT,1,2,1,Part_Amulet_Minor_StatusChance,,
GunMage,Named Amulet,Balance_Amulet_Unique_Plot05_HDD_GunMage,MINOR STAT,1,2,1,Part_Amulet_Minor_StatusChance,,
GunMage,Named Amulet,Balance_Amulet_Unique_Plot05_HDD_GunMage,MINOR STAT,1,2,1,Part_Amulet_Minor_StatusDamage,,
GunMage,Named Amulet,Balance_Amulet_Unique_Plot05_HDD_GunMage,MINOR STAT,1,2,1,Part_Amulet_Minor_StatusDamage,,
GunMage,Named Amulet,Balance_Amulet_Unique_Plot05_HDD_GunMage,MINOR STAT,1,2,1,Part_Amulet_Minor_DarkMagic_MaxLeech,,
GunMage,Named Amulet,Balance_Amulet_Unique_Plot05_HDD_GunMage,MINOR STAT,1,2,1,Part_Amulet_Minor_DarkMagic_MaxLeech,,
GunMage,Named Amulet,Balance_Amulet_Unique_Plot05_HDD_GunMage,RARITY,1,1,1,Part_Amulet_03_Rare,,
Harbinger,Named Amulet,Balance_Amulet_Unique_Harbinger,BODY,2,2,1,Part_Amulet_Harbinger,,
Harbinger,Named Amulet,Balance_Amulet_Unique_Harbinger,BODY,2,2,1,Part_Amulet_Unique_WardMax,,
Harbinger,Named Amulet,Balance_Amulet_Unique_Harbinger,CLASS STAT,1,1,1,Part_Amulet_ClassStat_Barbarian,,
Harbinger,Named Amulet,Balance_Amulet_Unique_Harbinger,CLASS STAT,1,1,1,Part_Amulet_ClassStat_GunMage,,
Harbinger,Named Amulet,Balance_Amulet_Unique_Harbinger,CLASS STAT,1,1,1,Part_Amulet_ClassStat_KotC,,
Harbinger,Named Amulet,Balance_Amulet_Unique_Harbinger,CLASS STAT,1,1,1,Part_Amulet_ClassStat_Necromancer,,
Harbinger,Named Amulet,Balance_Amulet_Unique_Harbinger,CLASS STAT,1,1,1,Part_Amulet_ClassStat_Ranger,,
Harbinger,Named Amulet,Balance_Amulet_Unique_Harbinger,CLASS STAT,1,1,1,Part_Amulet_ClassStat_Rogue,,
Harbinger,Named Amulet,Balance_Amulet_Unique_Harbinger,ELEMENT,1,1,1,Part_Amulet_Ele_Acid,,
Harbinger,Named Amulet,Balance_Amulet_Unique_Harbinger,ELEMENT,1,1,1,Part_Amulet_Ele_Blood,,
Harbinger,Named Amulet,Balance_Amulet_Unique_Harbinger,ELEMENT,1,1,1,Part_Amulet_Ele_Cryo,,
Harbinger,Named Amulet,Balance_Amulet_Unique_Harbinger,ELEMENT,1,1,1,Part_Amulet_Ele_Fire,,
Harbinger,Named Amulet,Balance_Amulet_Unique_Harbinger,ELEMENT,1,1,1,Part_Amulet_Ele_Shock,,
Harbinger,Named Amulet,Balance_Amulet_Unique_Harbinger,MINOR STAT,1,1,1,Part_Amulet_Minor_AllDamage,,
Harbinger,Named Amulet,Balance_Amulet_Unique_Harbinger,MINOR STAT,1,1,1,Part_Amulet_Minor_GunFireRate,,
Harbinger,Named Amulet,Balance_Amulet_Unique_Harbinger,MINOR STAT,1,1,1,Part_Amulet_Minor_GunHandling,,
Harbinger,Named Amulet,Balance_Amulet_Unique_Harbinger,MINOR STAT,1,1,1,Part_Amulet_Minor_GunMagazineSize,,
Harbinger,Named Amulet,Balance_Amulet_Unique_Harbinger,MINOR STAT,1,1,1,Part_Amulet_Minor_GunReload,,
Harbinger,Named Amulet,Balance_Amulet_Unique_Harbinger,MINOR STAT,1,1,1,Part_Amulet_Minor_Luck,,
Harbinger,Named Amulet,Balance_Amulet_Unique_Harbinger,MINOR STAT,1,1,1,Part_Amulet_Minor_SkillCooldown,,
Harbinger,Named Amulet,Balance_Amulet_Unique_Harbinger,MINOR STAT,1,1,1,Part_Amulet_Minor_StatusChance,,
Harbinger,Named Amulet,Balance_Amulet_Unique_Harbinger,MINOR STAT,1,1,1,Part_Amulet_Minor_StatusDamage,,
Harbinger,Named Amulet,Balance_Amulet_Unique_Harbinger,MINOR STAT,1,1,1,Part_Amulet_Minor_DarkMagic_MaxLeech,,
Harbinger,Named Amulet,Balance_Amulet_Unique_Harbinger,RARITY,1,1,1,Part_Amulet_05_LegenDary,,
JointTraining,Named Amulet,Balance_Amulet_Unique_JointTraining,BODY,1,1,1,Part_Amulet_JointTraining,,
JointTraining,Named Amulet,Balance_Amulet_Unique_JointTraining,CLASS STAT,1,1,1,Part_Amulet_ClassStat_Barbarian,,
JointTraining,Named Amulet,Balance_Amulet_Unique_JointTraining,CLASS STAT,1,1,1,Part_Amulet_ClassStat_GunMage,,
JointTraining,Named Amulet,Balance_Amulet_Unique_JointTraining,CLASS STAT,1,1,1,Part_Amulet_ClassStat_KotC,,
JointTraining,Named Amulet,Balance_Amulet_Unique_JointTraining,CLASS STAT,1,1,1,Part_Amulet_ClassStat_Necromancer,,
JointTraining,Named Amulet,Balance_Amulet_Unique_JointTraining,CLASS STAT,1,1,1,Part_Amulet_ClassStat_Ranger,,
JointTraining,Named Amulet,Balance_Amulet_Unique_JointTraining,CLASS STAT,1,1,1,Part_Amulet_ClassStat_Rogue,,
JointTraining,Named Amulet,Balance_Amulet_Unique_JointTraining,ELEMENT,1,1,1,Part_Amulet_Ele_Acid,,
JointTraining,Named Amulet,Balance_Amulet_Unique_JointTraining,ELEMENT,1,1,1,Part_Amulet_Ele_Blood,,
JointTraining,Named Amulet,Balance_Amulet_Unique_JointTraining,ELEMENT,1,1,1,Part_Amulet_Ele_Cryo,,
JointTraining,Named Amulet,Balance_Amulet_Unique_JointTraining,ELEMENT,1,1,1,Part_Amulet_Ele_Fire,,
JointTraining,Named Amulet,Balance_Amulet_Unique_JointTraining,ELEMENT,1,1,1,Part_Amulet_Ele_Shock,,
JointTraining,Named Amulet,Balance_Amulet_Unique_JointTraining,MINOR STAT,2,2,1,Part_Amulet_Minor_AllDamage,,
JointTraining,Named Amulet,Balance_Amulet_Unique_JointTraining,MINOR STAT,2,2,1,Part_Amulet_Minor_AllDamage,,
JointTraining,Named Amulet,Balance_Amulet_Unique_JointTraining,MINOR STAT,2,2,1,Part_Amulet_Minor_GunFireRate,,
JointTraining,Named Amulet,Balance_Amulet_Unique_JointTraining,MINOR STAT,2,2,1,Part_Amulet_Minor_GunFireRate,,
JointTraining,Named Amulet,Balance_Amulet_Unique_JointTraining,MINOR STAT,2,2,1,Part_Amulet_Minor_GunHandling,,
JointTraining,Named Amulet,Balance_Amulet_Unique_JointTraining,MINOR STAT,2,2,1,Part_Amulet_Minor_GunHandling,,
JointTraining,Named Amulet,Balance_Amulet_Unique_JointTraining,MINOR STAT,2,2,1,Part_Amulet_Minor_GunMagazineSize,,
JointTraining,Named Amulet,Balance_Amulet_Unique_JointTraining,MINOR STAT,2,2,1,Part_Amulet_Minor_GunMagazineSize,,
JointTraining,Named Amulet,Balance_Amulet_Unique_JointTraining,MINOR STAT,2,2,1,Part_Amulet_Minor_GunReload,,
JointTraining,Named Amulet,Balance_Amulet_Unique_JointTraining,MINOR STAT,2,2,1,Part_Amulet_Minor_GunReload,,
JointTraining,Named Amulet,Balance_Amulet_Unique_JointTraining,MINOR STAT,2,2,1,Part_Amulet_Minor_Luck,,
JointTraining,Named Amulet,Balance_Amulet_Unique_JointTraining,MINOR STAT,2,2,1,Part_Amulet_Minor_Luck,,
JointTraining,Named Amulet,Balance_Amulet_Unique_JointTraining,MINOR STAT,2,2,1,Part_Amulet_Minor_SkillCooldown,,
JointTraining,Named Amulet,Balance_Amulet_Unique_JointTraining,MINOR STAT,2,2,1,Part_Amulet_Minor_SkillCooldown,,
JointTraining,Named Amulet,Balance_Amulet_Unique_JointTraining,MINOR STAT,2,2,1,Part_Amulet_Minor_StatusChance,,
JointTraining,Named Amulet,Balance_Amulet_Unique_JointTraining,MINOR STAT,2,2,1,Part_Amulet_Minor_StatusChance,,
JointTraining,Named Amulet,Balance_Amulet_Unique_JointTraining,MINOR STAT,2,2,1,Part_Amulet_Minor_StatusDamage,,
JointTraining,Named Amulet,Balance_Amulet_Unique_JointTraining,MINOR STAT,2,2,1,Part_Amulet_Minor_StatusDamage,,
JointTraining,Named Amulet,Balance_Amulet_Unique_JointTraining,MINOR STAT,2,2,1,Part_Amulet_Minor_DarkMagic_MaxLeech,,
JointTraining,Named Amulet,Balance_Amulet_Unique_JointTraining,MINOR STAT,2,2,1,Part_Amulet_Minor_DarkMagic_MaxLeech,,
JointTraining,Named Amulet,Balance_Amulet_Unique_JointTraining,RARITY,1,1,1,Part_Amulet_05_LegenDary,,
KotC,Named Amulet,Balance_Amulet_Unique_Plot05_HDD_KotC,BODY,1,1,1,Part_Amulet_Plot05_HDD,,
KotC,Named Amulet,Balance_Amulet_Unique_Plot05_HDD_KotC,CLASS STAT,1,1,1,Part_Amulet_ClassStat_KotC,,
KotC,Named Amulet,Balance_Amulet_Unique_Plot05_HDD_KotC,ELEMENT,1,1,1,Part_Amulet_Ele_Fire,,
KotC,Named Amulet,Balance_Amulet_Unique_Plot05_HDD_KotC,MINOR STAT,1,2,1,Part_Amulet_Minor_AllDamage,,
KotC,Named Amulet,Balance_Amulet_Unique_Plot05_HDD_KotC,MINOR STAT,1,2,1,Part_Amulet_Minor_AllDamage,,
KotC,Named Amulet,Balance_Amulet_Unique_Plot05_HDD_KotC,MINOR STAT,1,2,1,Part_Amulet_Minor_GunFireRate,,
KotC,Named Amulet,Balance_Amulet_Unique_Plot05_HDD_KotC,MINOR STAT,1,2,1,Part_Amulet_Minor_GunFireRate,,
KotC,Named Amulet,Balance_Amulet_Unique_Plot05_HDD_KotC,MINOR STAT,1,2,1,Part_Amulet_Minor_GunHandling,,
KotC,Named Amulet,Balance_Amulet_Unique_Plot05_HDD_KotC,MINOR STAT,1,2,1,Part_Amulet_Minor_GunHandling,,
KotC,Named Amulet,Balance_Amulet_Unique_Plot05_HDD_KotC,MINOR STAT,1,2,1,Part_Amulet_Minor_GunMagazineSize,,
KotC,Named Amulet,Balance_Amulet_Unique_Plot05_HDD_KotC,MINOR STAT,1,2,1,Part_Amulet_Minor_GunMagazineSize,,
KotC,Named Amulet,Balance_Amulet_Unique_Plot05_HDD_KotC,MINOR STAT,1,2,1,Part_Amulet_Minor_GunReload,,
KotC,Named Amulet,Balance_Amulet_Unique_Plot05_HDD_KotC,MINOR STAT,1,2,1,Part_Amulet_Minor_GunReload,,
KotC,Named Amulet,Balance_Amulet_Unique_Plot05_HDD_KotC,MINOR STAT,1,2,1,Part_Amulet_Minor_Luck,,
KotC,Named Amulet,Balance_Amulet_Unique_Plot05_HDD_KotC,MINOR STAT,1,2,1,Part_Amulet_Minor_Luck,,
KotC,Named Amulet,Balance_Amulet_Unique_Plot05_HDD_KotC,MINOR STAT,1,2,1,Part_Amulet_Minor_SkillCooldown,,
KotC,Named Amulet,Balance_Amulet_Unique_Plot05_HDD_KotC,MINOR STAT,1,2,1,Part_Amulet_Minor_SkillCooldown,,
KotC,Named Amulet,Balance_Amulet_Unique_Plot05_HDD_KotC,MINOR STAT,1,2,1,Part_Amulet_Minor_StatusChance,,
KotC,Named Amulet,Balance_Amulet_Unique_Plot05_HDD_KotC,MINOR STAT,1,2,1,Part_Amulet_Minor_StatusChance,,
KotC,Named Amulet,Balance_Amulet_Unique_Plot05_HDD_KotC,MINOR STAT,1,2,1,Part_Amulet_Minor_StatusDamage,,
KotC,Named Amulet,Balance_Amulet_Unique_Plot05_HDD_KotC,MINOR STAT,1,2,1,Part_Amulet_Minor_StatusDamage,,
KotC,Named Amulet,Balance_Amulet_Unique_Plot05_HDD_KotC,MINOR STAT,1,2,1,Part_Amulet_Minor_DarkMagic_MaxLeech,,
KotC,Named Amulet,Balance_Amulet_Unique_Plot05_HDD_KotC,MINOR STAT,1,2,1,Part_Amulet_Minor_DarkMagic_MaxLeech,,
KotC,Named Amulet,Balance_Amulet_Unique_Plot05_HDD_KotC,RARITY,1,1,1,Part_Amulet_03_Rare,,
Necro,Named Amulet,Balance_Amulet_Unique_Plot05_HDD_Necro,BODY,1,1,1,Part_Amulet_Plot05_HDD,,
Necro,Named Amulet,Balance_Amulet_Unique_Plot05_HDD_Necro,CLASS STAT,1,1,1,Part_Amulet_ClassStat_Necromancer,,
Necro,Named Amulet,Balance_Amulet_Unique_Plot05_HDD_Necro,ELEMENT,1,1,1,Part_Amulet_Ele_Fire,,
Necro,Named Amulet,Balance_Amulet_Unique_Plot05_HDD_Necro,MINOR STAT,1,2,1,Part_Amulet_Minor_AllDamage,,
Necro,Named Amulet,Balance_Amulet_Unique_Plot05_HDD_Necro,MINOR STAT,1,2,1,Part_Amulet_Minor_AllDamage,,
Necro,Named Amulet,Balance_Amulet_Unique_Plot05_HDD_Necro,MINOR STAT,1,2,1,Part_Amulet_Minor_GunFireRate,,
Necro,Named Amulet,Balance_Amulet_Unique_Plot05_HDD_Necro,MINOR STAT,1,2,1,Part_Amulet_Minor_GunFireRate,,
Necro,Named Amulet,Balance_Amulet_Unique_Plot05_HDD_Necro,MINOR STAT,1,2,1,Part_Amulet_Minor_GunHandling,,
Necro,Named Amulet,Balance_Amulet_Unique_Plot05_HDD_Necro,MINOR STAT,1,2,1,Part_Amulet_Minor_GunHandling,,
Necro,Named Amulet,Balance_Amulet_Unique_Plot05_HDD_Necro,MINOR STAT,1,2,1,Part_Amulet_Minor_GunMagazineSize,,
Necro,Named Amulet,Balance_Amulet_Unique_Plot05_HDD_Necro,MINOR STAT,1,2,1,Part_Amulet_Minor_GunMagazineSize,,
Necro,Named Amulet,Balance_Amulet_Unique_Plot05_HDD_Necro,MINOR STAT,1,2,1,Part_Amulet_Minor_GunReload,,
Necro,Named Amulet,Balance_Amulet_Unique_Plot05_HDD_Necro,MINOR STAT,1,2,1,Part_Amulet_Minor_GunReload,,
Necro,Named Amulet,Balance_Amulet_Unique_Plot05_HDD_Necro,MINOR STAT,1,2,1,Part_Amulet_Minor_Luck,,
Necro,Named Amulet,Balance_Amulet_Unique_Plot05_HDD_Necro,MINOR STAT,1,2,1,Part_Amulet_Minor_Luck,,
Necro,Named Amulet,Balance_Amulet_Unique_Plot05_HDD_Necro,MINOR STAT,1,2,1,Part_Amulet_Minor_SkillCooldown,,
Necro,Named Amulet,Balance_Amulet_Unique_Plot05_HDD_Necro,MINOR STAT,1,2,1,Part_Amulet_Minor_SkillCooldown,,
Necro,Named Amulet,Balance_Amulet_Unique_Plot05_HDD_Necro,MINOR STAT,1,2,1,Part_Amulet_Minor_StatusChance,,
Necro,Named Amulet,Balance_Amulet_Unique_Plot05_HDD_Necro,MINOR STAT,1,2,1,Part_Amulet_Minor_StatusChance,,
Necro,Named Amulet,Balance_Amulet_Unique_Plot05_HDD_Necro,MINOR STAT,1,2,1,Part_Amulet_Minor_StatusDamage,,
Necro,Named Amulet,Balance_Amulet_Unique_Plot05_HDD_Necro,MINOR STAT,1,2,1,Part_Amulet_Minor_StatusDamage,,
Necro,Named Amulet,Balance_Amulet_Unique_Plot05_HDD_Necro,MINOR STAT,1,2,1,Part_Amulet_Minor_DarkMagic_MaxLeech,,
Necro,Named Amulet,Balance_Amulet_Unique_Plot05_HDD_Necro,MINOR STAT,1,2,1,Part_Amulet_Minor_DarkMagic_MaxLeech,,
Necro,Named Amulet,Balance_Amulet_Unique_Plot05_HDD_Necro,RARITY,1,1,1,Part_Amulet_03_Rare,,
OverflowBloodbag,Named Amulet,Balance_Amulets_OverflowBloodbag,BODY,1,1,1,Part_Amulet_OverflowBloodbag,,
OverflowBloodbag,Named Amulet,Balance_Amulets_OverflowBloodbag,CLASS STAT,1,1,1,Part_Amulet_ClassStat_Barbarian,,
OverflowBloodbag,Named Amulet,Balance_Amulets_OverflowBloodbag,CLASS STAT,1,1,1,Part_Amulet_ClassStat_GunMage,,
OverflowBloodbag,Named Amulet,Balance_Amulets_OverflowBloodbag,CLASS STAT,1,1,1,Part_Amulet_ClassStat_KotC,,
OverflowBloodbag,Named Amulet,Balance_Amulets_OverflowBloodbag,CLASS STAT,1,1,1,Part_Amulet_ClassStat_Necromancer,,
OverflowBloodbag,Named Amulet,Balance_Amulets_OverflowBloodbag,CLASS STAT,1,1,1,Part_Amulet_ClassStat_Ranger,,
OverflowBloodbag,Named Amulet,Balance_Amulets_OverflowBloodbag,CLASS STAT,1,1,1,Part_Amulet_ClassStat_Rogue,,
OverflowBloodbag,Named Amulet,Balance_Amulets_OverflowBloodbag,ELEMENT,1,1,1,Part_Amulet_Ele_Fire,,
OverflowBloodbag,Named Amulet,Balance_Amulets_OverflowBloodbag,ELEMENT,1,1,1,Part_Amulet_Ele_Acid,,
OverflowBloodbag,Named Amulet,Balance_Amulets_OverflowBloodbag,ELEMENT,1,1,1,Part_Amulet_Ele_Shock,,
OverflowBloodbag,Named Amulet,Balance_Amulets_OverflowBloodbag,ELEMENT,1,1,1,Part_Amulet_Ele_Cryo,,
OverflowBloodbag,Named Amulet,Balance_Amulets_OverflowBloodbag,ELEMENT,1,1,1,Part_Amulet_Ele_Blood,,
OverflowBloodbag,Named Amulet,Balance_Amulets_OverflowBloodbag,MINOR STAT,2,2,1,Part_Amulet_Minor_AllDamage,,
OverflowBloodbag,Named Amulet,Balance_Amulets_OverflowBloodbag,MINOR STAT,2,2,1,Part_Amulet_Minor_AllDamage,,
OverflowBloodbag,Named Amulet,Balance_Amulets_OverflowBloodbag,MINOR STAT,2,2,1,Part_Amulet_Minor_GunFireRate,,
OverflowBloodbag,Named Amulet,Balance_Amulets_OverflowBloodbag,MINOR STAT,2,2,1,Part_Amulet_Minor_GunFireRate,,
OverflowBloodbag,Named Amulet,Balance_Amulets_OverflowBloodbag,MINOR STAT,2,2,1,Part_Amulet_Minor_GunHandling,,
OverflowBloodbag,Named Amulet,Balance_Amulets_OverflowBloodbag,MINOR STAT,2,2,1,Part_Amulet_Minor_GunHandling,,
OverflowBloodbag,Named Amulet,Balance_Amulets_OverflowBloodbag,MINOR STAT,2,2,1,Part_Amulet_Minor_GunMagazineSize,,
OverflowBloodbag,Named Amulet,Balance_Amulets_OverflowBloodbag,MINOR STAT,2,2,1,Part_Amulet_Minor_GunMagazineSize,,
OverflowBloodbag,Named Amulet,Balance_Amulets_OverflowBloodbag,MINOR STAT,2,2,1,Part_Amulet_Minor_GunReload,,
OverflowBloodbag,Named Amulet,Balance_Amulets_OverflowBloodbag,MINOR STAT,2,2,1,Part_Amulet_Minor_GunReload,,
OverflowBloodbag,Named Amulet,Balance_Amulets_OverflowBloodbag,MINOR STAT,2,2,1,Part_Amulet_Minor_Luck,,
OverflowBloodbag,Named Amulet,Balance_Amulets_OverflowBloodbag,MINOR STAT,2,2,1,Part_Amulet_Minor_Luck,,
OverflowBloodbag,Named Amulet,Balance_Amulets_OverflowBloodbag,MINOR STAT,2,2,1,Part_Amulet_Minor_SkillCooldown,,
OverflowBloodbag,Named Amulet,Balance_Amulets_OverflowBloodbag,MINOR STAT,2,2,1,Part_Amulet_Minor_SkillCooldown,,
OverflowBloodbag,Named Amulet,Balance_Amulets_OverflowBloodbag,MINOR STAT,2,2,1,Part_Amulet_Minor_StatusChance,,
OverflowBloodbag,Named Amulet,Balance_Amulets_OverflowBloodbag,MINOR STAT,2,2,1,Part_Amulet_Minor_StatusChance,,
OverflowBloodbag,Named Amulet,Balance_Amulets_OverflowBloodbag,MINOR STAT,2,2,1,Part_Amulet_Minor_StatusDamage,,
OverflowBloodbag,Named Amulet,Balance_Amulets_OverflowBloodbag,MINOR STAT,2,2,1,Part_Amulet_Minor_StatusDamage,,
OverflowBloodbag,Named Amulet,Balance_Amulets_OverflowBloodbag,MINOR STAT,2,2,1,Part_Amulet_Minor_DarkMagic_MaxLeech,,
OverflowBloodbag,Named Amulet,Balance_Amulets_OverflowBloodbag,MINOR STAT,2,2,1,Part_Amulet_Minor_DarkMagic_MaxLeech,,
OverflowBloodbag,Named Amulet,Balance_Amulets_OverflowBloodbag,RARITY,1,1,1,Part_Amulet_05_LegenDary,,
Ranger,Named Amulet,Balance_Amulet_Unique_Plot05_HDD_Ranger,BODY,1,1,1,Part_Amulet_Plot05_HDD,,
Ranger,Named Amulet,Balance_Amulet_Unique_Plot05_HDD_Ranger,CLASS STAT,1,1,1,Part_Amulet_ClassStat_Ranger,,
Ranger,Named Amulet,Balance_Amulet_Unique_Plot05_HDD_Ranger,ELEMENT,1,1,1,Part_Amulet_Ele_Fire,,
Ranger,Named Amulet,Balance_Amulet_Unique_Plot05_HDD_Ranger,MINOR STAT,1,2,1,Part_Amulet_Minor_AllDamage,,
Ranger,Named Amulet,Balance_Amulet_Unique_Plot05_HDD_Ranger,MINOR STAT,1,2,1,Part_Amulet_Minor_AllDamage,,
Ranger,Named Amulet,Balance_Amulet_Unique_Plot05_HDD_Ranger,MINOR STAT,1,2,1,Part_Amulet_Minor_GunFireRate,,
Ranger,Named Amulet,Balance_Amulet_Unique_Plot05_HDD_Ranger,MINOR STAT,1,2,1,Part_Amulet_Minor_GunFireRate,,
Ranger,Named Amulet,Balance_Amulet_Unique_Plot05_HDD_Ranger,MINOR STAT,1,2,1,Part_Amulet_Minor_GunHandling,,
Ranger,Named Amulet,Balance_Amulet_Unique_Plot05_HDD_Ranger,MINOR STAT,1,2,1,Part_Amulet_Minor_GunHandling,,
Ranger,Named Amulet,Balance_Amulet_Unique_Plot05_HDD_Ranger,MINOR STAT,1,2,1,Part_Amulet_Minor_GunMagazineSize,,
Ranger,Named Amulet,Balance_Amulet_Unique_Plot05_HDD_Ranger,MINOR STAT,1,2,1,Part_Amulet_Minor_GunMagazineSize,,
Ranger,Named Amulet,Balance_Amulet_Unique_Plot05_HDD_Ranger,MINOR STAT,1,2,1,Part_Amulet_Minor_GunReload,,
Ranger,Named Amulet,Balance_Amulet_Unique_Plot05_HDD_Ranger,MINOR STAT,1,2,1,Part_Amulet_Minor_GunReload,,
Ranger,Named Amulet,Balance_Amulet_Unique_Plot05_HDD_Ranger,MINOR STAT,1,2,1,Part_Amulet_Minor_Luck,,
Ranger,Named Amulet,Balance_Amulet_Unique_Plot05_HDD_Ranger,MINOR STAT,1,2,1,Part_Amulet_Minor_Luck,,
Ranger,Named Amulet,Balance_Amulet_Unique_Plot05_HDD_Ranger,MINOR STAT,1,2,1,Part_Amulet_Minor_SkillCooldown,,
Ranger,Named Amulet,Balance_Amulet_Unique_Plot05_HDD_Ranger,MINOR STAT,1,2,1,Part_Amulet_Minor_SkillCooldown,,
Ranger,Named Amulet,Balance_Amulet_Unique_Plot05_HDD_Ranger,MINOR STAT,1,2,1,Part_Amulet_Minor_StatusChance,,
Ranger,Named Amulet,Balance_Amulet_Unique_Plot05_HDD_Ranger,MINOR STAT,1,2,1,Part_Amulet_Minor_StatusChance,,
Ranger,Named Amulet,Balance_Amulet_Unique_Plot05_HDD_Ranger,MINOR STAT,1,2,1,Part_Amulet_Minor_StatusDamage,,
Ranger,Named Amulet,Balance_Amulet_Unique_Plot05_HDD_Ranger,MINOR STAT,1,2,1,Part_Amulet_Minor_StatusDamage,,
Ranger,Named Amulet,Balance_Amulet_Unique_Plot05_HDD_Ranger,MINOR STAT,1,2,1,Part_Amulet_Minor_DarkMagic_MaxLeech,,
Ranger,Named Amulet,Balance_Amulet_Unique_Plot05_HDD_Ranger,MINOR STAT,1,2,1,Part_Amulet_Minor_DarkMagic_MaxLeech,,
Ranger,Named Amulet,Balance_Amulet_Unique_Plot05_HDD_Ranger,RARITY,1,1,1,Part_Amulet_03_Rare,,
Rogue,Named Amulet,Balance_Amulet_Unique_Plot05_HDD_Rogue,BODY,1,1,1,Part_Amulet_Plot05_HDD,,
Rogue,Named Amulet,Balance_Amulet_Unique_Plot05_HDD_Rogue,CLASS STAT,1,1,1,Part_Amulet_ClassStat_Rogue,,
Rogue,Named Amulet,Balance_Amulet_Unique_Plot05_HDD_Rogue,ELEMENT,1,1,1,Part_Amulet_Ele_Fire,,
Rogue,Named Amulet,Balance_Amulet_Unique_Plot05_HDD_Rogue,MINOR STAT,1,2,1,Part_Amulet_Minor_AllDamage,,
Rogue,Named Amulet,Balance_Amulet_Unique_Plot05_HDD_Rogue,MINOR STAT,1,2,1,Part_Amulet_Minor_AllDamage,,
Rogue,Named Amulet,Balance_Amulet_Unique_Plot05_HDD_Rogue,MINOR STAT,1,2,1,Part_Amulet_Minor_GunFireRate,,
Rogue,Named Amulet,Balance_Amulet_Unique_Plot05_HDD_Rogue,MINOR STAT,1,2,1,Part_Amulet_Minor_GunFireRate,,
Rogue,Named Amulet,Balance_Amulet_Unique_Plot05_HDD_Rogue,MINOR STAT,1,2,1,Part_Amulet_Minor_GunHandling,,
Rogue,Named Amulet,Balance_Amulet_Unique_Plot05_HDD_Rogue,MINOR STAT,1,2,1,Part_Amulet_Minor_GunHandling,,
Rogue,Named Amulet,Balance_Amulet_Unique_Plot05_HDD_Rogue,MINOR STAT,1,2,1,Part_Amulet_Minor_GunMagazineSize,,
Rogue,Named Amulet,Balance_Amulet_Unique_Plot05_HDD_Rogue,MINOR STAT,1,2,1,Part_Amulet_Minor_GunMagazineSize,,
Rogue,Named Amulet,Balance_Amulet_Unique_Plot05_HDD_Rogue,MINOR STAT,1,2,1,Part_Amulet_Minor_GunReload,,
Rogue,Named Amulet,Balance_Amulet_Unique_Plot05_HDD_Rogue,MINOR STAT,1,2,1,Part_Amulet_Minor_GunReload,,
Rogue,Named Amulet,Balance_Amulet_Unique_Plot05_HDD_Rogue,MINOR STAT,1,2,1,Part_Amulet_Minor_Luck,,
Rogue,Named Amulet,Balance_Amulet_Unique_Plot05_HDD_Rogue,MINOR STAT,1,2,1,Part_Amulet_Minor_Luck,,
Rogue,Named Amulet,Balance_Amulet_Unique_Plot05_HDD_Rogue,MINOR STAT,1,2,1,Part_Amulet_Minor_SkillCooldown,,
Rogue,Named Amulet,Balance_Amulet_Unique_Plot05_HDD_Rogue,MINOR STAT,1,2,1,Part_Amulet_Minor_SkillCooldown,,
Rogue,Named Amulet,Balance_Amulet_Unique_Plot05_HDD_Rogue,MINOR STAT,1,2,1,Part_Amulet_Minor_StatusChance,,
Rogue,Named Amulet,Balance_Amulet_Unique_Plot05_HDD_Rogue,MINOR STAT,1,2,1,Part_Amulet_Minor_StatusChance,,
Rogue,Named Amulet,Balance_Amulet_Unique_Plot05_HDD_Rogue,MINOR STAT,1,2,1,Part_Amulet_Minor_StatusDamage,,
Rogue,Named Amulet,Balance_Amulet_Unique_Plot05_HDD_Rogue,MINOR STAT,1,2,1,Part_Amulet_Minor_StatusDamage,,
Rogue,Named Amulet,Balance_Amulet_Unique_Plot05_HDD_Rogue,MINOR STAT,1,2,1,Part_Amulet_Minor_DarkMagic_MaxLeech,,
Rogue,Named Amulet,Balance_Amulet_Unique_Plot05_HDD_Rogue,MINOR STAT,1,2,1,Part_Amulet_Minor_DarkMagic_MaxLeech,,
Rogue,Named Amulet,Balance_Amulet_Unique_Plot05_HDD_Rogue,RARITY,1,1,1,Part_Amulet_03_Rare,,
RonRivote,Named Amulet,Balance_Amulet_Unique_RonRivote,BODY,1,1,1,Part_Amulet_RonRivote,,
RonRivote,Named Amulet,Balance_Amulet_Unique_RonRivote,CLASS STAT,1,1,1,Part_Amulet_ClassStat_Ranger,,
RonRivote,Named Amulet,Balance_Amulet_Unique_RonRivote,ELEMENT,1,1,1,Part_Amulet_Ele_Shock,,
RonRivote,Named Amulet,Balance_Amulet_Unique_RonRivote,MINOR STAT,2,2,1,Part_Amulet_Minor_Luck,,
RonRivote,Named Amulet,Balance_Amulet_Unique_RonRivote,MINOR STAT,2,2,1,Part_Amulet_Minor_Luck,,
RonRivote,Named Amulet,Balance_Amulet_Unique_RonRivote,RARITY,1,1,1,Part_Amulet_03_Rare,,
SacSkeep,Named Amulet,Balance_Amulets_SacSkeep,BODY,1,1,1,Part_Amulet_SacSkeep,,
SacSkeep,Named Amulet,Balance_Amulets_SacSkeep,CLASS STAT,1,1,1,Part_Amulet_ClassStat_Barbarian,,
SacSkeep,Named Amulet,Balance_Amulets_SacSkeep,CLASS STAT,1,1,1,Part_Amulet_ClassStat_GunMage,,
SacSkeep,Named Amulet,Balance_Amulets_SacSkeep,CLASS STAT,1,1,1,Part_Amulet_ClassStat_KotC,,
SacSkeep,Named Amulet,Balance_Amulets_SacSkeep,CLASS STAT,1,1,1,Part_Amulet_ClassStat_Necromancer,,
SacSkeep,Named Amulet,Balance_Amulets_SacSkeep,CLASS STAT,1,1,1,Part_Amulet_ClassStat_Ranger,,
SacSkeep,Named Amulet,Balance_Amulets_SacSkeep,CLASS STAT,1,1,1,Part_Amulet_ClassStat_Rogue,,
SacSkeep,Named Amulet,Balance_Amulets_SacSkeep,ELEMENT,1,1,1,Part_Amulet_Ele_Fire,,
SacSkeep,Named Amulet,Balance_Amulets_SacSkeep,ELEMENT,1,1,1,Part_Amulet_Ele_Acid,,
SacSkeep,Named Amulet,Balance_Amulets_SacSkeep,ELEMENT,1,1,1,Part_Amulet_Ele_Shock,,
SacSkeep,Named Amulet,Balance_Amulets_SacSkeep,ELEMENT,1,1,1,Part_Amulet_Ele_Cryo,,
SacSkeep,Named Amulet,Balance_Amulets_SacSkeep,ELEMENT,1,1,1,Part_Amulet_Ele_Blood,,
SacSkeep,Named Amulet,Balance_Amulets_SacSkeep,MINOR STAT,2,2,1,Part_Amulet_Minor_AllDamage,,
SacSkeep,Named Amulet,Balance_Amulets_SacSkeep,MINOR STAT,2,2,1,Part_Amulet_Minor_AllDamage,,
SacSkeep,Named Amulet,Balance_Amulets_SacSkeep,MINOR STAT,2,2,1,Part_Amulet_Minor_GunFireRate,,
SacSkeep,Named Amulet,Balance_Amulets_SacSkeep,MINOR STAT,2,2,1,Part_Amulet_Minor_GunFireRate,,
SacSkeep,Named Amulet,Balance_Amulets_SacSkeep,MINOR STAT,2,2,1,Part_Amulet_Minor_GunHandling,,
SacSkeep,Named Amulet,Balance_Amulets_SacSkeep,MINOR STAT,2,2,1,Part_Amulet_Minor_GunHandling,,
SacSkeep,Named Amulet,Balance_Amulets_SacSkeep,MINOR STAT,2,2,1,Part_Amulet_Minor_GunMagazineSize,,
SacSkeep,Named Amulet,Balance_Amulets_SacSkeep,MINOR STAT,2,2,1,Part_Amulet_Minor_GunMagazineSize,,
SacSkeep,Named Amulet,Balance_Amulets_SacSkeep,MINOR STAT,2,2,1,Part_Amulet_Minor_GunReload,,
SacSkeep,Named Amulet,Balance_Amulets_SacSkeep,MINOR STAT,2,2,1,Part_Amulet_Minor_GunReload,,
SacSkeep,Named Amulet,Balance_Amulets_SacSkeep,MINOR STAT,2,2,1,Part_Amulet_Minor_Luck,,
SacSkeep,Named Amulet,Balance_Amulets_SacSkeep,MINOR STAT,2,2,1,Part_Amulet_Minor_Luck,,
SacSkeep,Named Amulet,Balance_Amulets_SacSkeep,MINOR STAT,2,2,1,Part_Amulet_Minor_SkillCooldown,,
SacSkeep,Named Amulet,Balance_Amulets_SacSkeep,MINOR STAT,2,2,1,Part_Amulet_Minor_SkillCooldown,,
SacSkeep,Named Amulet,Balance_Amulets_SacSkeep,MINOR STAT,2,2,1,Part_Amulet_Minor_StatusChance,,
SacSkeep,Named Amulet,Balance_Amulets_SacSkeep,MINOR STAT,2,2,1,Part_Amulet_Minor_StatusChance,,
SacSkeep,Named Amulet,Balance_Amulets_SacSkeep,MINOR STAT,2,2,1,Part_Amulet_Minor_StatusDamage,,
SacSkeep,Named Amulet,Balance_Amulets_SacSkeep,MINOR STAT,2,2,1,Part_Amulet_Minor_StatusDamage,,
SacSkeep,Named Amulet,Balance_Amulets_SacSkeep,MINOR STAT,2,2,1,Part_Amulet_Minor_DarkMagic_MaxLeech,,
SacSkeep,Named Amulet,Balance_Amulets_SacSkeep,MINOR STAT,2,2,1,Part_Amulet_Minor_DarkMagic_MaxLeech,,
SacSkeep,Named Amulet,Balance_Amulets_SacSkeep,RARITY,1,1,1,Part_Amulet_04_VeryRare,,
SlipnStun,Named Amulet,Balance_Amulet_Unique_SlipnStun,BODY,1,1,1,Part_Amulet_SlipnStun,,
SlipnStun,Named Amulet,Balance_Amulet_Unique_SlipnStun,CLASS STAT,1,1,1,Part_Amulet_ClassStat_Barbarian,,
SlipnStun,Named Amulet,Balance_Amulet_Unique_SlipnStun,CLASS STAT,1,1,1,Part_Amulet_ClassStat_GunMage,,
SlipnStun,Named Amulet,Balance_Amulet_Unique_SlipnStun,CLASS STAT,1,1,1,Part_Amulet_ClassStat_KotC,,
SlipnStun,Named Amulet,Balance_Amulet_Unique_SlipnStun,CLASS STAT,1,1,1,Part_Amulet_ClassStat_Necromancer,,
SlipnStun,Named Amulet,Balance_Amulet_Unique_SlipnStun,CLASS STAT,1,1,1,Part_Amulet_ClassStat_Ranger,,
SlipnStun,Named Amulet,Balance_Amulet_Unique_SlipnStun,CLASS STAT,1,1,1,Part_Amulet_ClassStat_Rogue,,
SlipnStun,Named Amulet,Balance_Amulet_Unique_SlipnStun,ELEMENT,1,1,1,Part_Amulet_Ele_Shock,,
SlipnStun,Named Amulet,Balance_Amulet_Unique_SlipnStun,MINOR STAT,1,2,1,Part_Amulet_Minor_AllDamage,,
SlipnStun,Named Amulet,Balance_Amulet_Unique_SlipnStun,MINOR STAT,1,2,1,Part_Amulet_Minor_AllDamage,,
SlipnStun,Named Amulet,Balance_Amulet_Unique_SlipnStun,MINOR STAT,1,2,1,Part_Amulet_Minor_GunFireRate,,
SlipnStun,Named Amulet,Balance_Amulet_Unique_SlipnStun,MINOR STAT,1,2,1,Part_Amulet_Minor_GunFireRate,,
SlipnStun,Named Amulet,Balance_Amulet_Unique_SlipnStun,MINOR STAT,1,2,1,Part_Amulet_Minor_GunHandling,,
SlipnStun,Named Amulet,Balance_Amulet_Unique_SlipnStun,MINOR STAT,1,2,1,Part_Amulet_Minor_GunHandling,,
SlipnStun,Named Amulet,Balance_Amulet_Unique_SlipnStun,MINOR STAT,1,2,1,Part_Amulet_Minor_GunMagazineSize,,
SlipnStun,Named Amulet,Balance_Amulet_Unique_SlipnStun,MINOR STAT,1,2,1,Part_Amulet_Minor_GunMagazineSize,,
SlipnStun,Named Amulet,Balance_Amulet_Unique_SlipnStun,MINOR STAT,1,2,1,Part_Amulet_Minor_GunReload,,
SlipnStun,Named Amulet,Balance_Amulet_Unique_SlipnStun,MINOR STAT,1,2,1,Part_Amulet_Minor_GunReload,,
SlipnStun,Named Amulet,Balance_Amulet_Unique_SlipnStun,MINOR STAT,1,2,1,Part_Amulet_Minor_Luck,,
SlipnStun,Named Amulet,Balance_Amulet_Unique_SlipnStun,MINOR STAT,1,2,1,Part_Amulet_Minor_Luck,,
SlipnStun,Named Amulet,Balance_Amulet_Unique_SlipnStun,MINOR STAT,1,2,1,Part_Amulet_Minor_SkillCooldown,,
SlipnStun,Named Amulet,Balance_Amulet_Unique_SlipnStun,MINOR STAT,1,2,1,Part_Amulet_Minor_SkillCooldown,,
SlipnStun,Named Amulet,Balance_Amulet_Unique_SlipnStun,MINOR STAT,1,2,1,Part_Amulet_Minor_StatusChance,,
SlipnStun,Named Amulet,Balance_Amulet_Unique_SlipnStun,MINOR STAT,1,2,1,Part_Amulet_Minor_StatusChance,,
SlipnStun,Named Amulet,Balance_Amulet_Unique_SlipnStun,MINOR STAT,1,2,1,Part_Amulet_Minor_StatusDamage,,
SlipnStun,Named Amulet,Balance_Amulet_Unique_SlipnStun,MINOR STAT,1,2,1,Part_Amulet_Minor_StatusDamage,,
SlipnStun,Named Amulet,Balance_Amulet_Unique_SlipnStun,MINOR STAT,1,2,1,Part_Amulet_Minor_DarkMagic_MaxLeech,,
SlipnStun,Named Amulet,Balance_Amulet_Unique_SlipnStun,MINOR STAT,1,2,1,Part_Amulet_Minor_DarkMagic_MaxLeech,,
SlipnStun,Named Amulet,Balance_Amulet_Unique_SlipnStun,RARITY,1,1,1,Part_Amulet_05_LegenDary,,
Theruge,Named Amulet,Balance_Amulet_Unique_Theruge,BODY,1,1,1,Part_Amulet_Theruge,,
Theruge,Named Amulet,Balance_Amulet_Unique_Theruge,CLASS STAT,1,1,1,Part_Amulet_ClassStat_Barbarian,,
Theruge,Named Amulet,Balance_Amulet_Unique_Theruge,CLASS STAT,1,1,1,Part_Amulet_ClassStat_GunMage,,
Theruge,Named Amulet,Balance_Amulet_Unique_Theruge,CLASS STAT,1,1,1,Part_Amulet_ClassStat_KotC,,
Theruge,Named Amulet,Balance_Amulet_Unique_Theruge,CLASS STAT,1,1,1,Part_Amulet_ClassStat_Necromancer,,
Theruge,Named Amulet,Balance_Amulet_Unique_Theruge,CLASS STAT,1,1,1,Part_Amulet_ClassStat_Ranger,,
Theruge,Named Amulet,Balance_Amulet_Unique_Theruge,CLASS STAT,1,1,1,Part_Amulet_ClassStat_Rogue,,
Theruge,Named Amulet,Balance_Amulet_Unique_Theruge,ELEMENT,1,1,1,Part_Amulet_Ele_Acid,,
Theruge,Named Amulet,Balance_Amulet_Unique_Theruge,ELEMENT,1,1,1,Part_Amulet_Ele_Blood,,
Theruge,Named Amulet,Balance_Amulet_Unique_Theruge,ELEMENT,1,1,1,Part_Amulet_Ele_Cryo,,
Theruge,Named Amulet,Balance_Amulet_Unique_Theruge,ELEMENT,1,1,1,Part_Amulet_Ele_Fire,,
Theruge,Named Amulet,Balance_Amulet_Unique_Theruge,ELEMENT,1,1,1,Part_Amulet_Ele_Shock,,
Theruge,Named Amulet,Balance_Amulet_Unique_Theruge,MINOR STAT,2,2,1,Part_Amulet_Minor_AllDamage,,
Theruge,Named Amulet,Balance_Amulet_Unique_Theruge,MINOR STAT,2,2,1,Part_Amulet_Minor_AllDamage,,
Theruge,Named Amulet,Balance_Amulet_Unique_Theruge,MINOR STAT,2,2,1,Part_Amulet_Minor_GunFireRate,,
Theruge,Named Amulet,Balance_Amulet_Unique_Theruge,MINOR STAT,2,2,1,Part_Amulet_Minor_GunFireRate,,
Theruge,Named Amulet,Balance_Amulet_Unique_Theruge,MINOR STAT,2,2,1,Part_Amulet_Minor_GunHandling,,
Theruge,Named Amulet,Balance_Amulet_Unique_Theruge,MINOR STAT,2,2,1,Part_Amulet_Minor_GunHandling,,
Theruge,Named Amulet,Balance_Amulet_Unique_Theruge,MINOR STAT,2,2,1,Part_Amulet_Minor_GunMagazineSize,,
Theruge,Named Amulet,Balance_Amulet_Unique_Theruge,MINOR STAT,2,2,1,Part_Amulet_Minor_GunMagazineSize,,
Theruge,Named Amulet,Balance_Amulet_Unique_Theruge,MINOR STAT,2,2,1,Part_Amulet_Minor_GunReload,,
Theruge,Named Amulet,Balance_Amulet_Unique_Theruge,MINOR STAT,2,2,1,Part_Amulet_Minor_GunReload,,
Theruge,Named Amulet,Balance_Amulet_Unique_Theruge,MINOR STAT,2,2,1,Part_Amulet_Minor_Luck,,
Theruge,Named Amulet,Balance_Amulet_Unique_Theruge,MINOR STAT,2,2,1,Part_Amulet_Minor_Luck,,
Theruge,Named Amulet,Balance_Amulet_Unique_Theruge,MINOR STAT,2,2,1,Part_Amulet_Minor_SkillCooldown,,
Theruge,Named Amulet,Balance_Amulet_Unique_Theruge,MINOR STAT,2,2,1,Part_Amulet_Minor_SkillCooldown,,
Theruge,Named Amulet,Balance_Amulet_Unique_Theruge,MINOR STAT,2,2,1,Part_Amulet_Minor_StatusChance,,
Theruge,Named Amulet,Balance_Amulet_Unique_Theruge,MINOR STAT,2,2,1,Part_Amulet_Minor_StatusChance,,
Theruge,Named Amulet,Balance_Amulet_Unique_Theruge,MINOR STAT,2,2,1,Part_Amulet_Minor_StatusDamage,,
Theruge,Named Amulet,Balance_Amulet_Unique_Theruge,MINOR STAT,2,2,1,Part_Amulet_Minor_StatusDamage,,
Theruge,Named Amulet,Balance_Amulet_Unique_Theruge,MINOR STAT,2,2,1,Part_Amulet_Minor_DarkMagic_MaxLeech,,
Theruge,Named Amulet,Balance_Amulet_Unique_Theruge,MINOR STAT,2,2,1,Part_Amulet_Minor_DarkMagic_MaxLeech,,
Theruge,Named Amulet,Balance_Amulet_Unique_Theruge,RARITY,1,1,1,Part_Amulet_05_LegenDary,,
UniversalSoldier,Named Amulet,Balance_Amulet_Unique_UniversalSoldier,BODY,2,2,1,Part_Amulet_UniversalSoldier,,
UniversalSoldier,Named Amulet,Balance_Amulet_Unique_UniversalSoldier,BODY,2,2,1,Part_Amulet_UniversalSoldier_GunDamage,,
UniversalSoldier,Named Amulet,Balance_Amulet_Unique_UniversalSoldier,CLASS STAT,1,1,1,Part_Amulet_ClassStat_Barbarian,,
UniversalSoldier,Named Amulet,Balance_Amulet_Unique_UniversalSoldier,CLASS STAT,1,1,1,Part_Amulet_ClassStat_GunMage,,
UniversalSoldier,Named Amulet,Balance_Amulet_Unique_UniversalSoldier,CLASS STAT,1,1,1,Part_Amulet_ClassStat_KotC,,
UniversalSoldier,Named Amulet,Balance_Amulet_Unique_UniversalSoldier,CLASS STAT,1,1,1,Part_Amulet_ClassStat_Necromancer,,
UniversalSoldier,Named Amulet,Balance_Amulet_Unique_UniversalSoldier,CLASS STAT,1,1,1,Part_Amulet_ClassStat_Ranger,,
UniversalSoldier,Named Amulet,Balance_Amulet_Unique_UniversalSoldier,CLASS STAT,1,1,1,Part_Amulet_ClassStat_Rogue,,
UniversalSoldier,Named Amulet,Balance_Amulet_Unique_UniversalSoldier,MINOR STAT,2,2,1,Part_Amulet_Minor_AllDamage,,
UniversalSoldier,Named Amulet,Balance_Amulet_Unique_UniversalSoldier,MINOR STAT,2,2,1,Part_Amulet_Minor_AllDamage,,
UniversalSoldier,Named Amulet,Balance_Amulet_Unique_UniversalSoldier,MINOR STAT,2,2,1,Part_Amulet_Minor_GunFireRate,,
UniversalSoldier,Named Amulet,Balance_Amulet_Unique_UniversalSoldier,MINOR STAT,2,2,1,Part_Amulet_Minor_GunFireRate,,
UniversalSoldier,Named Amulet,Balance_Amulet_Unique_UniversalSoldier,MINOR STAT,2,2,1,Part_Amulet_Minor_GunHandling,,
UniversalSoldier,Named Amulet,Balance_Amulet_Unique_UniversalSoldier,MINOR STAT,2,2,1,Part_Amulet_Minor_GunHandling,,
UniversalSoldier,Named Amulet,Balance_Amulet_Unique_UniversalSoldier,MINOR STAT,2,2,1,Part_Amulet_Minor_GunMagazineSize,,
UniversalSoldier,Named Amulet,Balance_Amulet_Unique_UniversalSoldier,MINOR STAT,2,2,1,Part_Amulet_Minor_GunMagazineSize,,
UniversalSoldier,Named Amulet,Balance_Amulet_Unique_UniversalSoldier,MINOR STAT,2,2,1,Part_Amulet_Minor_GunReload,,
UniversalSoldier,Named Amulet,Balance_Amulet_Unique_UniversalSoldier,MINOR STAT,2,2,1,Part_Amulet_Minor_GunReload,,
UniversalSoldier,Named Amulet,Balance_Amulet_Unique_UniversalSoldier,MINOR STAT,2,2,1,Part_Amulet_Minor_Luck,,
UniversalSoldier,Named Amulet,Balance_Amulet_Unique_UniversalSoldier,MINOR STAT,2,2,1,Part_Amulet_Minor_Luck,,
UniversalSoldier,Named Amulet,Balance_Amulet_Unique_UniversalSoldier,MINOR STAT,2,2,1,Part_Amulet_Minor_SkillCooldown,,
UniversalSoldier,Named Amulet,Balance_Amulet_Unique_UniversalSoldier,MINOR STAT,2,2,1,Part_Amulet_Minor_SkillCooldown,,
UniversalSoldier,Named Amulet,Balance_Amulet_Unique_UniversalSoldier,MINOR STAT,2,2,1,Part_Amulet_Minor_StatusChance,,
UniversalSoldier,Named Amulet,Balance_Amulet_Unique_UniversalSoldier,MINOR STAT,2,2,1,Part_Amulet_Minor_StatusChance,,
UniversalSoldier,Named Amulet,Balance_Amulet_Unique_UniversalSoldier,MINOR STAT,2,2,1,Part_Amulet_Minor_StatusDamage,,
UniversalSoldier,Named Amulet,Balance_Amulet_Unique_UniversalSoldier,MINOR STAT,2,2,1,Part_Amulet_Minor_StatusDamage,,
UniversalSoldier,Named Amulet,Balance_Amulet_Unique_UniversalSoldier,MINOR STAT,2,2,1,Part_Amulet_Minor_DarkMagic_MaxLeech,,
UniversalSoldier,Named Amulet,Balance_Amulet_Unique_UniversalSoldier,MINOR STAT,2,2,1,Part_Amulet_Minor_DarkMagic_MaxLeech,,
UniversalSoldier,Named Amulet,Balance_Amulet_Unique_UniversalSoldier,RARITY,1,1,1,Part_Amulet_05_LegenDary,,
